	Id	Target	Text	dp_unique_key	updated_date
0	9231	Negative	Earn 100,000 in no time, leave your phone number to learn how to make easy cash?	uq_id_1212123	21-03-2022
1	11021	Negative	My DOB is 05/13/1967, Lets see whats yours?	uq_id_1212122	21-03-2022
2	11021	Negative	SSN info: 012-1232-12323, Lets see whats yours?	uq_id_12121223	21-03-2022
3	11021	Negative	My Name is peter Jacks, and I have a big house in Florida, let me get you a flight ticket? Address is 1298 Main St. Jacksonville, Florida, Share your Account details? @LetsParty	uq_id_12121452	21-03-2022
